video_name,chanel_display_name,views,age,chanel_id
TikToks That Are Actually Relatable,SSSniperWolf,1.2M views,5 days ago,SSSniperWolf
"RICH KID Is JEALOUS OF RICHER KID, What Happens Next Is Shocking | Dhar Mann",Dhar Mann Studios,8.7M views,8 months ago,DharMann
250 Shocking Moments Of Idiots In Cars Got Instant Karma!,WELUCK,5M views,6 months ago,weluckusa
I Built a Theme Park In My House!,Ben Azelart,18M views,11 days ago,BenAzelart
When Dumb Karens Act Like Laws Donít Exist,ThisIsLife,891K views,1 month ago,ThisIsLife_
video_name,chanel_display_name,views,age,chanel_id
EXTREME HIDE AND SEEK!!,Jordan Matter,6.2M views,5 days ago,jordanmatter
SML Movie: The Business Deal!,SML,1.4M views,1 day ago,SMLMovies
TikToks That Are Actually Relatable,SSSniperWolf,1.2M views,5 days ago,SSSniperWolf
Doctor Reacts To Circus Emergencies,Doctor Mike,683K views,4 days ago,DoctorMike
I Tested 1-Star Hotels (again),Ryan Trahan,14M views,3 weeks ago,ryan
THE AMAZING DIGITAL CIRCUS - Ep 2: Candy Carrier Chaos!,GLITCH,56M views,6 days ago,GLITCH
Extremely Satisfying Workers!,Beast Reacts,31M views,1 year ago,BeastReacts
"LAST TO LEAVE HOT TUB WINS $10,000!!",Ben Azelart,20M views,2 years ago,BenAzelart
Building The Most Secret Temple Underground House With Water Slide To Underground Swimming Pools,Survival Builder,219M views,3 years ago,SurvivalBuilder
New items Claire's 2021 ! Elsa & Anna toddlers are shopping - Barbie,Come Play With Me,77M views,2 years ago,ComePlayWithMe
"Beautiful Relaxing Music - Stop Overthinking, Stress Relief Music, Sleep Music, Calming Music",Love YourSelf,18K views,Streamed 1 day ago,loveyourself.alexander
üî¥LIVE: Outdoor Adventures with Bluey! | Playtime Outdoors | Full Episodes and More | Bluey,Bluey - Official Channel,109K views,Streamed 8 hours ago,BlueyOfficialChannel
I Added SUPER ORES to Minecraft...,Wisp,418K views,8 days ago,wisp
Testing An Illegal Bat VS 100MPH,Eric Sim,859K views,5 months ago,KingofJUCO
How to Take Care of Your Pet üòº *Gadgets and Hacks for Pet Owners*,Coolala,1M views,5 months ago,coo-lala
"$1 vs $10,000 OMG! Airbnbs",JStu,1M views,5 days ago,MoreJStu
PULLING AN ALL NIGHTER *chaotic*,Erika Diane,1.7M views,1 year ago,ErikaDiane
I Bought 50 1-Star Products,Unspeakable,3.1M views,2 months ago,Unspeakable
Chopper Motorcycle Off Roading,CboysTV,37K views,23 minutes ago,CboysTV
SML Movie: Jeffy's Bowling Ball!,SML,2.8M views,4 days ago,SMLMovies
OBGYN - SNL,Saturday Night Live,1.8M views,4 days ago,SaturdayNightLive
People On TikTok Who Are A Menace To Society,SSSniperWolf,7.6M views,1 year ago,SSSniperWolf
I Was Absolutely Blown Away By The First Bonus,Vegas Matt,134K views,5 hours ago,VegasMatt
"Nerd & Bully FIND OUT They Are BROTHERS, What Happens Next Is Shocking | Dhar Mann Studios",Dhar Mann Studios,12M views,7 months ago,DharMann
When KIDS Sent Parents To Jail,Inspector Ray,4.4M views,2 months ago,inspector_ray
‚ÄòThe Five‚Äô reacts to ‚Äòugly‚Äô day of testimony from Stormy Daniels,Fox News,153K views,2 hours ago,FoxNews
MLB | Top Plays Part 6 | 2024 Highlights,EduardoB√©isbol,52K views,3 days ago,EduardoBeisbol
Sketch Jynxzi & CaseOH BEAT Minecraft,The Sketch Real,504K views,6 days ago,TheSketchReal
John Daly Jr Vs. Grant Horvat (Stroke Play),Grant Horvat Golf,466K views,3 days ago,GrantHorvatGolfs
We Built Our Own Lightsabers,Dude Perfect,3.9M views,5 days ago,dudeperfect
M4 iPad Pro Impressions: Well This is Awkward,Marques Brownlee,4.4M views,1 day ago,mkbhd
HOW TO BECOME POPULAR AT SCHOOL! || Awkward School Situations by Amigos Forever,AMIGOS FOREVER! Series,50M views,2 years ago,AF-Series
Real Madrid vs. Bayern: Extended Highlights | UCL Semi-Finals 2nd Leg | CBS Sports Golazo,CBS Sports Golazo,1.6M views,1 day ago,cbssportsgolazo
I Pushed Every NEW Hypercharge to 1000 Trophies to see which is best?! ü§î (#3),BenTimm1,652K views,2 days ago,bentimm1
"""CHECK BEHIND DOORS"" - The SCARIEST Youtube Shorts in the World?",special edd,2.3M views,6 months ago,Sauceddie
Let's Go Catch a Dinosaur!,Kendall Gray,349K views,5 days ago,KendallGray1
Funny TikToks that Had me Rolling on the Floor! PT.21,Auburn,475K views,7 days ago,auburn4517
"Alan Walker, Dua Lipa, Coldplay, Martin Garrix & Kygo, The Chainsmokers Style üî• Summer Vibes #5",Magic Club,369K views,Streamed 3 weeks ago,MagicClub686
Embarrassing Tik Toks That Should Have Stayed In The Drafts,SSSniperWolf,21M views,2 years ago,SSSniperWolf
Orphan Boy Accidentally Gains Immortal Powers After Taking Deal With Vampire King,AniMaan,311K views,4 days ago,AniMaanYT
I Tried Every Drive Thrus Most Expensive Item,Ryan Trahan,12M views,3 months ago,ryan
Èò≤Â§áÂ∑ùÊôÆ‰∏äÂè∞Ë¥∏ÊòìÊàò‰∏≠ÂõΩÁßØËìÑÁªèÊµéÊîøÁ≠ñÂ∑•ÂÖ∑/ÁéãÂâëÊØèÊó•ËßÇÂØü/20240509,ÁéãÂâëÊØèÊó•ËßÇÂØüKim's Observation,71K views,Streamed 7 hours ago,wongkim728
Turning my SINKING boat into a CRAB stand,Luke McFadden,264K views,13 days ago,fvsoutherngirl
Training W/ Worlds Strongest Extreme Tree Climber,Jesse James West,488K views,5 days ago,JesseJamesWest
I Survived 100 Days as SPIDERMAN in Minecraft,Ryguyrocky,757K views,12 days ago,ryguyrocky
I Tested 1-Star Kitchen Gadgets (ft. Ryan Trahan),Nick DiGiovanni,7.2M views,12 days ago,NickDiGiovanni
The Most Dangerous Race We've Ever Hosted...,Cleetus McFarland,140K views,1 hour ago,CleetusM
"Smooth Jazz Music to Study, Work, Relax‚òïCozy Coffee Shop Ambience & Relaxing Jazz Instrumental Music",Coffee Relaxing Jazz,10K watching,LIVE,coffeerelaxingjazz
BILLIONAIRES Won't Accept GIRL'S GOTH LOOK | Dhar Mann Studios,Dhar Mann Studios,3.2M views,3 days ago,DharMann
I Created a NOOB Clan in Roblox Clan Wars,SSundee,1.1M views,2 days ago,SSundee
Chevy Suburban Makes A Huge Mistake!,Matt's Off Road Recovery,437K views,1 day ago,MattsOffRoadRecovery
HIGHLIGHTS - Real Madrid (4)2-1(3) Bayern | UEFA Champions League 2023/24 - Semis | TUDN,TUDN-USA ,829K views,1 day ago,tudn_usa
"$1 vs $1,000 Keyboard in Fortnite!",mau,302K views,5 days ago,mau69
Rebuilding A Wrecked Mercedes AMG GTS! Our Toughest Paint Job Yet!!!,goonzquad,316K views,1 day ago,goonzquad
Precision guided launcher turns noobs into pros,Stuff Made Here,2.9M views,7 days ago,StuffMadeHere
"Bruno Mars, Cardi B, Maroon 5, Adele, Ed Sheeran, Miley Cyrus, The Weeknd, Sia - Billboard Hot 100",Pop Music,557K views,Streamed 2 weeks ago,popmusic3689
These Weights Took Me by SUPRISE! (Top 10) - MLF Stage 4 Lake Eufaula - Day 1,DC Fishing,19K views,1 day ago,DCFishing
Pigs in Blanket Jalapeno Poppers,Cowboy Kent Rollins,60K views,1 day ago,CowboyKentRollins
Marlins vs. Dodgers Game Highlights (5/7/24) | MLB Highlights,Los Angeles Dodgers,106K views,1 day ago,Dodgers
üî¥LIVE: Avatar: The Last Airbender - Season Two Marathon ‚õ∞ | Book 2: Earth | Avatar,Avatar: The Last Airbender,461 watching,LIVE,TeamAvatar
I've Waited My Whole Life For This Moment... My First HUEY Helicopter!,HeavyDSparks,481K views,1 day ago,HeavyDSparks
I Played Madden Until I Lost.. (again),YoBoy PIZZA,95K views,1 day ago,YoBoyPizza
Lofi Music üìö Music to put you in a better mood ~ Study music - lofi / relax / stress relief,Little Soul,88K views,Streamed 20 hours ago,little_soul
Trump Hosts Suckers Who Bought His NFTs & Guillermo Exclusivo with Chris Hemsworth & Anya Taylor-Joy,Jimmy Kimmel Live,1.6M views,20 hours ago,JimmyKimmelLive
APUSH Live Stream REVIEW‚ÄîUnits 7-9 (90 minutes),Heimler's History,27K watching,LIVE,heimlershistory
RALLY FRIES MATCH UP WITH THE #1 TEAM IN THE NATION! | Team Rally Fries (10U Spring Season) #14,Benny No,51K views,1 day ago,BennyNo
Office PRANKS that make me audibly burst out laughing,The Office,106K views,1 day ago,TheOffice
Zion Williamson‚Äôs Life is About to Change,A.M. Hoops,223K views,1 day ago,AMHoops
My Wife‚Äôs SUV gets a Cam and Tune! BAD IDEA?,Sleeperdude2,97K views,1 day ago,sleeperdude2690
I Wrecked at Youtube‚Äôs Biggest Race,Donut,621K views,1 day ago,Donut
Deep Focus Music To Improve Concentration - 12 Hours of Ambient Study Music to Concentrate #745,Relaxing Melody,554K views,Streamed 1 month ago,RelaxingMelody88
I Stayed in Every Hotel at Disney World,Ryan Trahan,7.9M views,5 days ago,ryan
You Are My Sunshine Lebron James,bebr,406 views,4 days ago,bebrgiga
Libraries: Last Week Tonight with John Oliver (HBO),LastWeekTonight,994K views,13 hours ago,LastWeekTonight
Nelk Boys Trapped in a Deadly Tornado!,NELK,2.6M views,1 day ago,nelkfilmz
Fishing for Spillway MONSTERS w/ Unusual Bait (BIG Fish),LOJO,92K views,3 days ago,lojofishing
Heat seeking missile boats,Habitual Linecrosser,318K views,1 day ago,habitual_linecrosser
Roku Features You Need To Turn OFF Right NOW!!! | You're Being Watched,Steve DOES,847K views,4 months ago,SteveDOES
Lorenzo Neal: Harbaugh prioritizing fit over position to play at the highest level,Bleav,9.2K views,1 day ago,Bleav
We Built an All Gold 99 OVR Lineup.. Greatest Team in Madden 24,KayKayEs,81K views,2 days ago,KayKayEs
RFK Jr.‚Äôs Brain Worm | Indiana Loves Nikki Haley | Viral Cicada Video | Gov. Hochul‚Äôs Terrible Take,The Late Show with Stephen Colbert,1.3M views,20 hours ago,ColbertLateShow
"Barstool Pizza Review - Coniglio's Old Fashioned (Morristown, NJ)",One Bite Pizza Reviews,186K views,1 day ago,OneBitePizzaReviews
I Gemmed EVERY Egg.. we got SO LUCKY!,BenTimm1,1.1M views,8 days ago,bentimm1
How to make $2.7 Million in a year,Ben Mallah,182K views,1 day ago,BenMallah
Is the CT5-V Blackwing's Lid the Source of its Power?,Complete Street Performance,2.5K views,1 day ago,completestreetperformance
Morning News NOW Full Broadcast ‚Äì May 9,NBC News,141K views,7 hours ago,NBCNews
Mini Dirt Bikes vs Beginner Riders... DIY vs Talaria vs Honda vs CFMoto vs Lifan,110 Garage,16K views,1 day ago,110Garage
Mojang just broke enchantments. Completely.,Phoenix SC,269K views,1 day ago,PhoenixSC
